"","ID","Description","GeneRatio","BgRatio","pvalue","p.adjust","qvalue","geneID","Count"
"GO:0020037","GO:0020037","heme binding","4/44","24/2432",0.000761300673912657,0.0374426966676459,0.0314164502932193,"sll0450/slr0898/slr1136/slr1137",4
"GO:0022904","GO:0022904","respiratory electron transport chain","3/44","12/2432",0.00108529555558394,0.0374426966676459,0.0314164502932193,"sll0450/slr1136/slr1137",3
