"","ID","Description","GeneRatio","BgRatio","pvalue","p.adjust","qvalue","geneID","Count"
"GO:0008272","GO:0008272","sulfate transport","3/40","10/2432",0.000456931205010258,0.0144728312398053,0.0135726072870902,"slr1452/slr1453/slr1454",3
"GO:0004519","GO:0004519","endonuclease activity","4/40","24/2432",0.000526284772356558,0.0144728312398053,0.0135726072870902,"slr0393/slr1129/slr7068/slr7071",4
