"","ID","Description","setSize","enrichmentScore","NES","pvalue","p.adjust","qvalues","rank","leading_edge","core_enrichment"
"syn03010","syn03010","Ribosome",53,-0.626778633566585,-2.26500154739657,1.35124558020016e-05,0.000810747348120094,0.000810747348120094,774,"tags=60%, list=18%, signal=50%","sll1744/sll1810/sll1817/slr1678/sll1812/sll1824/ssr1399/sll1800/sll1813/sll1816/ssl3445/sll1799/sll1822/sll1807/sll1821/ssl3436/ssl1426/sll1819/sll1802/sll1801/sll1808/sll1803/sll1745/sll1809/sll1743/ssl3432/sll1804/sll1746/sll1805/sll1101/ssl3437/sll1806"
